<?xml version="1.0" encoding="UTF-8" ?>
<!DOCTYPE mapper
  PUBLIC "-//mybatis.org//DTD Mapper 3.0//EN"
  "http://mybatis.org/dtd/mybatis-3-mapper.dtd">

<mapper namespace="Board">
	<resultMap type="com.koreait.board.BoardDTO" id="board"> 
		<result column="b_idx" property="b_idx"/> 
		<result column="b_userid" property="b_userid"/> 
		<result column="b_name" property="b_name"/>
		<result column="b_title" property="b_title"/> 
		<result column="b_content" property="b_content"/> 
		<result column="b_hit" property="b_hit"/> 
		<result column="b_up" property="b_up"/> 
		<result column="b_regdate" property="b_regdate"/> 
	</resultMap>


	<insert id="upload" parameterType="map">
		insert into tb_board(b_userid, b_name, b_title, b_content) values (#{b_userid}, #{b_name}, #{b_title}, #{b_content})
	</insert>
	<select id="totalCount" resultType="int">
		select count(b_idx) from tb_board
	</select>

	<select id="selectList" parameterType="int" resultMap="board">
		select * from tb_board order by b_idx DESC LIMIT #{start}, #{pagePerCount}
	</select>
</mapper>

