<?xml version="1.0" encoding="UTF-8" ?>
<!DOCTYPE mapper
  PUBLIC "-//mybatis.org//DTD Mapper 3.0//EN"
  "http://mybatis.org/dtd/mybatis-3-mapper.dtd">
<mapper namespace="Member">
  <select id="idCheck" parameterType="String" resultType="int">
    select count(mem_idx) from tb_member where mem_userid=#{userid}
  </select>
  
  <insert id="join" parameterType="map">
  	insert into tb_member (mem_userid, mem_userpw, mem_name, mem_hp, mem_email, mem_hobby, mem_ssn1, mem_ssn2, mem_zipcode, mem_address1, mem_address2, mem_address3)
  	values(#{mem_userid}, #{mem_userpw}, #{mem_name}, #{mem_hp}, #{mem_email}, #{mem_hobby}, #{mem_ssn1}, #{mem_ssn2}, #{mem_zipcode}, #{mem_address1}, #{mem_address2}, #{mem_address3})
  </insert>
  
  <select id="login" parameterType="map" resultType="map">
  	select mem_idx, mem_name from tb_member where mem_userid=#{mem_userid} and mem_userpw=#{mem_userpw}
  </select>
  
  <select id="info" parameterType="map" resultType="map">
  	select * from tb_member where mem_userid=#{mem_userid}
  </select>
  
  <select id="pwCheck" parameterType="map" resultType="int">
  	select count(mem_idx) from tb_member where mem_idx=#{mem_idx} and mem_userpw=#{mem_userpw}
  </select>
  
  <update id="edit" parameterType="map">
  	update tb_member set mem_name=#{mem_name},  mem_hp=#{mem_hp},  mem_email=#{mem_email},  mem_hobby=#{mem_hobby},  mem_ssn1=#{mem_ssn1},  mem_ssn2=#{mem_ssn2},  mem_zipcode=#{mem_zipcode},  mem_address1=#{mem_address1},  mem_address2=#{mem_address2}, mem_address3=#{mem_address3} where mem_idx=#{mem_idx}
  </update>
</mapper>

